{
    "0000000000000002": [
        {
            "ip": "10.0.0.140",
            "hw": "00:aa:aa:aa:aa:aa"
        },
        {
            "ip": "10.0.0.69",
            "hw": "00:aa:aa:aa:aa:bb"
        },
        {
            "ip": "10.0.0.1",
            "hw": "00:bb:bb:bb:bb:aa"
        },
        {
            "ip": "10.0.0.1",
            "hw": "00:bb:bb:bb:bb:bb"
        },
        {
            "ip": "88.42.191.1",
            "hw": "00:bb:bb:bb:bb:cc"
        },
        {
            "ip": "88.42.191.2",
            "hw": "00:dd:dd:dd:dd:bb"
        }
    ],
    "0000000000000003": [
        {
            "ip": "112.97.37.9",
            "hw": "00:cc:cc:cc:cc:aa"
        },
        {
            "ip": "112.97.37.201",
            "hw": "00:cc:cc:cc:cc:bb"
        },
        {
            "ip": "112.97.37.1",
            "hw": "00:dd:dd:dd:dd:aa"
        },
        {
            "ip": "88.42.191.2",
            "hw": "00:dd:dd:dd:dd:bb"
        },
        {
            "ip": "1.2.3.1",
            "hw": "00:dd:dd:dd:dd:cc"
        },
        {
            "ip": "88.42.191.1",
            "hw": "00:bb:bb:bb:bb:cc"
        },
        {
            "ip": "1.2.3.4",
            "hw": "00:ee:ee:ee:ee:aa"
        }
    ]
}