{
  "0000000000000002": [
    {
      "port": 1,
      "hw": "00:bb:bb:bb:bb:aa",
      "ip": "10.0.0.1"
    },
    {
      "port": 2,
      "hw": "00:bb:bb:bb:bb:bb",
      "ip": "10.0.0.1"
    },
    {
      "port": 3,
      "hw": "00:bb:bb:bb:bb:cc",
      "ip": "88.42.191.1"
    }
  ],
  "0000000000000003": [
    {
      "port": 1,
      "hw": "00:dd:dd:dd:dd:aa",
      "ip": "112.97.37.9"
    },
    {
      "port": 3,
      "hw": "00:dd:dd:dd:dd:cc",
      "ip": "1.2.3.1"
    },
    {
      "port": 2,
      "hw": "00:dd:dd:dd:dd:bb",
      "ip": "88.42.191.2"
    }
  ]
}